,Mutation,Amino.Acid.Change,ref,var,pos,aa_pos,aa_consensus,aa_var,PDB_4HMG,PDB_4JTV
0,C231G,L67V,C,G,198,66,L,V,an alignment gap ,L56 of HA1 
28,A1143U,N371Y,A,T,1110,370,N,Y,N28 in HA2 ,N28 of HA2 
27,C1137A,H369N,C,A,1104,368,H,N,H26 in HA2 ,H26 of HA2 
26,U915C,C295R,T,C,882,294,C,R,C281 in HA1 ,C285 of HA1 
25,U799G,I256R,T,G,766,255,I,R,L243 in HA1 ,I246 of HA1 
24,U55G,L8R,T,G,22,7,L,R,an alignment gap ,an alignment gap 
23,C1696A,S555Y,C,A,1663,554,S,Y,an alignment gap ,an alignment gap 
22,U1599A,S523T,T,A,1566,522,S,T,an alignment gap ,an alignment gap 
21,G1587C,V519L,G,C,1554,518,V,L,an alignment gap ,an alignment gap 
20,U1583G,D517E,T,G,1550,516,D,E,K174 in HA2 ,an alignment gap 
19,A1512G,S494G,A,G,1479,493,S,G,S151 in HA2 ,S151 of HA2 
18,U1466A,N478K,T,A,1433,477,N,K,N135 in HA2 ,N135 of HA2 
16,G1292A,M420I,G,A,1259,419,M,I,I77 in HA2 ,I77 of HA2 
29,G1153A,G374E,G,A,1120,373,G,E,G31 in HA2 ,G31 of HA2 
15,A1264C,K411T,A,C,1231,410,K,T,K68 in HA2 ,K68 of HA2 
13,A1174U,Q381L,A,T,1141,380,Q,L,L38 in HA2 ,L38 of HA2 
12,A1057U,Y342F,A,T,1024,341,Y,F,an alignment gap ,an alignment gap 
11,A1050C,I340L,A,C,1017,339,I,L,K326 in HA1 ,an alignment gap 
10,G1006U,S325I,G,T,973,324,S,I,Q311 in HA1 ,S315 of HA1 
9,A939U,N303Y,A,T,906,302,N,Y,P289 in HA1 ,N293 of HA1 
7,A784G,E251G,A,G,445,148,T,R,S136 in HA1 ,T139 of HA1 
6,A699U,N223Y,A,T,666,222,N,Y,Q210 in HA1 ,S213 of HA1 
5,A648C,S206R,A,C,615,205,S,R,S193 in HA1 ,S196 of HA1 
4,G542U,K170N,G,T,509,169,K,N,S157 in HA1 ,K160 of HA1 
3,U408A,S126T,U,A,375,125,S,T,G116 in HA1 ,S115 of HA1 
1,A334U,N101I,A,T,301,100,N,I,K92 in HA1 ,S90 of HA1 
14,C1229G,I399M,C,G,1196,398,I,M,I56 in HA2 ,I56 of HA2 
30,A1345C,N438T,A,C,1312,437,N,T,N95 in HA2 ,N95 of HA2 
